-- Adminer 4.8.1 MySQL 5.5.5-10.3.38-MariaDB-0ubuntu0.20.04.1 dump

SET NAMES utf8;
SET time_zone = '+00:00';
SET foreign_key_checks = 0;
SET sql_mode = 'NO_AUTO_VALUE_ON_ZERO';

SET NAMES utf8mb4;

DROP TABLE IF EXISTS `actor`;
CREATE TABLE `actor` (
  `id` int(11) NOT NULL AUTO_INCREMENT,
  `firstname` varchar(255) NOT NULL,
  `lastname` varchar(255) NOT NULL,
  `picture` varchar(255) NOT NULL,
  `nationality` varchar(100) DEFAULT NULL,
  `created_at` datetime NOT NULL COMMENT '(DC2Type:datetime_immutable)',
  `updated_at` datetime DEFAULT NULL COMMENT '(DC2Type:datetime_immutable)',
  PRIMARY KEY (`id`)
) ENGINE=InnoDB DEFAULT CHARSET=utf8mb4 COLLATE=utf8mb4_unicode_ci;

INSERT INTO `actor` (`id`, `firstname`, `lastname`, `picture`, `nationality`, `created_at`, `updated_at`) VALUES
(54,	'Leonardo',	'DiCaprio',	'https://fr.web.img3.acsta.net/c_310_420/pictures/15/06/24/14/36/054680.jpg',	'americain',	'2023-11-09 12:03:38',	'2023-11-09 15:21:20'),
(55,	'Joseph',	'Gordon-Levitt',	'https://fr.web.img4.acsta.net/pictures/15/09/21/17/16/172755.jpg',	'americain',	'2023-11-09 12:03:54',	'2023-11-09 15:22:09'),
(57,	'Daniel',	'Craig',	'https://fr.web.img3.acsta.net/pictures/15/10/05/10/01/037461.jpg',	'britannique',	'2023-11-09 12:04:27',	'2023-11-09 15:19:23'),
(58,	'Judi',	'Dench',	'https://fr.web.img2.acsta.net/pictures/15/11/17/17/07/389094.jpg',	'britannique',	'2023-11-09 12:04:57',	'2023-11-09 15:20:58'),
(59,	'Hugh',	'Jackman',	'https://fr.web.img4.acsta.net/pictures/15/09/21/15/14/169867.jpg',	'australien',	'2023-11-09 12:05:21',	'2023-11-09 15:23:56'),
(60,	'Dafne',	'Keen',	'https://fr.web.img2.acsta.net/r_1280_720/pictures/19/07/25/14/30/3987750.jpg',	'britannique-espagnole',	'2023-11-09 12:05:36',	'2023-11-09 15:24:39'),
(61,	'Chadwick',	'Boseman',	'https://fr.web.img6.acsta.net/newsv7/20/09/03/18/11/2194123.jpg',	'americain',	'2023-11-09 12:05:52',	'2023-11-09 15:16:22'),
(62,	'Michael',	'B.Jordan',	'https://www.voici.fr/imgre/fit/http.3A.2F.2Fprd2-bone-image.2Es3-website-eu-west-1.2Eamazonaws.2Ecom.2Fprismamedia_people.2F2017.2F06.2F30.2F817725f7-af93-46e7-b7c1-9c035c36aec2.2Ejpeg/2048x1536/quality/80/michael-b-jordan.jpeg',	'americain',	'2023-11-09 12:06:08',	'2023-11-09 15:16:00'),
(63,	'Joaquin',	'Phoenix',	'https://fr.web.img5.acsta.net/pictures/19/10/23/11/18/1649761.jpg',	'americain',	'2023-11-09 12:06:21',	'2023-11-09 15:28:18'),
(64,	'Robert',	'De Niro',	'https://fr.web.img2.acsta.net/pictures/16/05/17/11/58/561836.jpg',	'americain',	'2023-11-09 12:06:38',	'2023-11-09 15:20:39'),
(65,	'John David',	'Washington',	'https://fr.web.img4.acsta.net/pictures/18/05/16/17/22/4369326.jpg',	'americain',	'2023-11-09 12:06:54',	'2023-11-09 15:30:57'),
(66,	'Robert',	'Pattinson',	'https://fr.web.img3.acsta.net/pictures/17/05/29/13/41/530000.jpg',	'britannique',	'2023-11-09 12:07:09',	'2023-11-09 15:27:25'),
(67,	'Gemma',	'Chan',	'https://fr.web.img5.acsta.net/pictures/19/02/28/11/12/0785716.jpg',	'britannique',	'2023-11-09 12:07:21',	'2023-11-09 15:18:18'),
(68,	'Richard',	'Madden',	'https://fr.web.img3.acsta.net/c_310_420/pictures/19/05/16/16/43/3344047.jpg',	'ecossais',	'2023-11-09 12:07:38',	'2023-11-09 15:25:18'),
(69,	'Tom',	'Cruise',	'https://fr.web.img4.acsta.net/c_310_420/pictures/18/07/13/09/57/3777492.jpg',	'americain',	'2023-11-09 12:07:48',	'2023-11-09 15:20:00'),
(70,	'Miles',	'Teller',	'https://fr.web.img6.acsta.net/c_310_420/pictures/16/02/16/11/44/354195.jpg',	'americain',	'2023-11-09 12:07:59',	'2023-11-09 15:30:39'),
(71,	'Chris',	'Pratt',	'https://fr.web.img6.acsta.net/pictures/15/07/27/13/07/079239.jpg',	'americain',	'2023-11-09 12:10:31',	'2023-11-09 15:28:36'),
(72,	'Zoe',	'Saldana',	'https://fr.web.img4.acsta.net/pictures/18/05/04/11/38/3895826.jpg',	'americaine-dominicaine',	'2023-11-09 12:10:56',	'2023-11-09 15:29:16'),
(73,	'Kit',	'Harington',	'https://fr.web.img5.acsta.net/c_310_420/pictures/17/07/13/11/23/574012.jpg',	'britannique',	'2023-11-09 12:39:13',	'2023-11-09 15:23:04'),
(74,	'Emilia',	'Clarke',	'https://fr.web.img5.acsta.net/c_310_420/pictures/15/06/04/16/19/049773.jpg',	'britannique',	'2023-11-09 12:39:26',	'2023-11-09 15:19:06'),
(75,	'Bryan',	'Cranston',	'https://fr.web.img2.acsta.net/c_310_420/pictures/19/10/23/12/10/3830800.jpg',	'americain',	'2023-11-09 12:39:37',	'2023-11-09 15:19:40'),
(76,	'Aaron',	'Paul',	'https://fr.web.img5.acsta.net/pictures/20/01/27/11/03/5568116.jpg',	'americain',	'2023-11-09 12:39:59',	'2023-11-09 15:28:00'),
(77,	'Benedict',	'Cumberbatch',	'https://fr.web.img2.acsta.net/c_310_420/pictures/14/06/05/09/54/019769.jpg',	'britannique',	'2023-11-09 12:40:13',	'2023-11-09 15:20:20'),
(78,	'Martin',	'Freeman',	'https://fr.web.img5.acsta.net/pictures/18/01/30/10/47/4457967.jpg',	'britannique',	'2023-11-09 12:40:21',	'2023-11-09 15:22:02'),
(79,	'Kevin',	'Spacey',	'https://fr.web.img5.acsta.net/pictures/16/01/26/16/53/576774.jpg',	'americain',	'2023-11-09 12:40:29',	'2023-11-09 15:29:54'),
(80,	'Robin',	'Wright',	'https://fr.web.img6.acsta.net/c_310_420/pictures/17/05/18/10/54/541442.jpg',	'americaine',	'2023-11-09 12:40:41',	'2023-11-09 15:31:32'),
(81,	'Matthew',	'McConaughey',	'https://fr.web.img4.acsta.net/pictures/16/03/02/17/16/573123.jpg',	'americain',	'2023-11-09 12:41:06',	'2023-11-09 15:25:57'),
(82,	'Woody',	'Harrelson',	'https://fr.web.img2.acsta.net/r_1280_720/pictures/210/390/21039016_20130912111411773.jpg',	'americain',	'2023-11-09 12:41:20',	'2023-11-09 15:23:37'),
(83,	'Rami',	'Malek',	'https://fr.web.img3.acsta.net/pictures/15/08/25/17/32/376414.jpg',	'americain',	'2023-11-09 12:41:32',	'2023-11-09 15:25:38'),
(84,	'Christian',	'Slater',	'https://fr.web.img6.acsta.net/pictures/15/12/23/13/54/223911.jpg',	'americain',	'2023-11-09 12:41:45',	'2023-11-09 15:29:34'),
(85,	'Millie Bobby',	'Brown',	'https://img.nrj.fr/Ie9W9hhbLkwbbxKjBIT93Su1Uiw=/medias%2F2023%2F08%2Fousrl0vst32qdre4zznmh9sctjyxyjwjbnu-rztqak4_64de36c0e4a9b.jpg',	'britannique',	'2023-11-09 12:42:07',	'2023-11-09 15:16:41'),
(86,	'Finn',	'Wolfhard',	'https://fr.web.img6.acsta.net/c_310_420/pictures/19/09/04/11/12/2066859.jpg',	'canadien',	'2023-11-09 12:42:17',	'2023-11-09 15:31:15'),
(87,	'Elisabeth',	'Moss',	'https://fr.web.img6.acsta.net/pictures/20/02/25/10/00/1255847.jpg',	'americaine',	'2023-11-09 12:42:30',	'2023-11-09 15:26:15'),
(88,	'Yvonne',	'Strahovski',	'https://fr.web.img2.acsta.net/pictures/16/08/05/15/55/284497.jpg',	'australienne',	'2023-11-09 12:42:47',	'2023-11-09 15:30:20'),
(89,	'Pedro',	'Pascal',	'https://www.justgeek.fr/wp-content/uploads/2023/04/Pedro-Pascal.jpg',	'americain-chilien',	'2023-11-09 12:42:59',	'2023-11-09 15:27:04'),
(90,	'Henry',	'Cavill',	'https://fr.web.img2.acsta.net/pictures/19/12/19/11/34/5830820.jpg',	'britannique',	'2023-11-09 12:43:28',	'2023-11-09 15:17:01'),
(91,	'Anya',	'Chalotra',	'https://upload.wikimedia.org/wikipedia/commons/8/88/Anya_Chalotra_by_Gage_Skidmore.jpg',	'britannique',	'2023-11-09 12:43:38',	'2023-11-09 15:17:35'),
(92,	'Lee',	'Jung-jae',	'https://fr.web.img3.acsta.net/pictures/17/09/22/16/26/5580917.jpg',	'sud-coréen',	'2023-11-09 12:43:48',	'2023-11-09 15:24:16'),
(93,	'Park',	'Hae-soo',	'https://m.media-amazon.com/images/M/MV5BOTAzYjFiN2EtOTc5YS00NzY4LTg5MWItMTU1YmFkZDdjZGMyXkEyXkFqcGdeQXVyMTExNzQzMDE0._V1_.jpg',	'sud-coréen',	'2023-11-09 12:43:57',	'2023-11-09 15:22:36'),
(94,	'Morfydd',	'Clark',	'https://fr.web.img4.acsta.net/pictures/22/08/17/16/41/1930036.jpg',	'galloise',	'2023-11-09 12:44:33',	'2023-11-09 15:18:44'),
(95,	'Robert',	'Aramayo',	'https://www.programme-tv.net/imgre/fit/~2~providerPerson~e2ab976cb5585772.jpeg/300x300/quality/80/robert-aramayo.jpeg',	'britannique',	'2023-11-09 12:44:49',	'2023-11-09 15:15:27'),
(96,	'Bella',	'Ramsey',	'https://fr.web.img2.acsta.net/pictures/20/01/07/11/35/3644711.jpg',	'britannique',	'2023-11-09 12:45:14',	'2023-11-09 15:28:56');

DROP TABLE IF EXISTS `author`;
CREATE TABLE `author` (
  `id` int(11) NOT NULL AUTO_INCREMENT,
  `fullname` varchar(255) DEFAULT NULL,
  `alias` varchar(255) DEFAULT NULL,
  `position` varchar(255) NOT NULL,
  `created_at` datetime NOT NULL COMMENT '(DC2Type:datetime_immutable)',
  `updated_at` datetime DEFAULT NULL COMMENT '(DC2Type:datetime_immutable)',
  PRIMARY KEY (`id`)
) ENGINE=InnoDB DEFAULT CHARSET=utf8mb4 COLLATE=utf8mb4_unicode_ci;

INSERT INTO `author` (`id`, `fullname`, `alias`, `position`, `created_at`, `updated_at`) VALUES
(109,	'Christopher Nolan',	NULL,	'realisateur',	'2023-11-09 11:42:34',	NULL),
(110,	'Carlos Saldanha',	NULL,	'realisateur',	'2023-11-09 11:43:01',	NULL),
(111,	'Sam Mendes',	NULL,	'realisateur',	'2023-11-09 11:43:20',	NULL),
(112,	'Jennifer Lee',	NULL,	'realisatrice',	'2023-11-09 11:43:50',	NULL),
(113,	'Chris Buck',	NULL,	'realisateur',	'2023-11-09 11:43:59',	NULL),
(114,	'James Gunn',	NULL,	'realisateur',	'2023-11-09 11:44:18',	NULL),
(115,	'Pierre Coffin',	NULL,	'realisateur',	'2023-11-09 11:44:40',	NULL),
(116,	'Kyle Balda',	NULL,	'realisateur',	'2023-11-09 11:44:48',	NULL),
(117,	'Rich Moore',	NULL,	'realisateur',	'2023-11-09 11:45:06',	NULL),
(118,	'Byron Howard',	NULL,	'realisateur',	'2023-11-09 11:45:15',	NULL),
(119,	'James Mangold',	NULL,	'realisateur',	'2023-11-09 11:45:31',	NULL),
(120,	'Ryan Coogler',	NULL,	'realisateur',	'2023-11-09 11:45:51',	NULL),
(121,	'Todd Phillips',	NULL,	'realisateur',	'2023-11-09 11:46:10',	NULL),
(122,	'Chloe Zhao',	NULL,	'realisatrice',	'2023-11-09 11:46:28',	NULL),
(123,	'Joseph Kosinski',	NULL,	'realisateur',	'2023-11-09 11:46:53',	NULL),
(124,	'Aaron Horvath',	NULL,	'realisateur',	'2023-11-09 11:47:17',	NULL),
(125,	'Michael Jelenic',	NULL,	'realisateur',	'2023-11-09 11:47:26',	NULL),
(126,	'David Benioff',	NULL,	'directeur de serie',	'2023-11-09 12:52:50',	NULL),
(127,	'Vince Gilligan',	NULL,	'directeur de serie',	'2023-11-09 12:53:03',	NULL),
(128,	'Mark Gatiss',	NULL,	'directeur de serie',	'2023-11-09 12:53:10',	NULL),
(129,	'Beau Willimon',	NULL,	'directeur de serie',	'2023-11-09 12:53:34',	NULL),
(130,	'Nic Pizzolato',	NULL,	'directeur de serie',	'2023-11-09 12:53:44',	NULL),
(131,	'Sam Esmail',	NULL,	'directeur de serie',	'2023-11-09 12:53:56',	NULL),
(132,	'Matt Duffer',	NULL,	'directeur de serie',	'2023-11-09 12:54:04',	NULL),
(133,	'Bruce Miller',	NULL,	'directeur de serie',	'2023-11-09 12:54:13',	NULL),
(134,	'Jon Favreau',	NULL,	'directeur de serie',	'2023-11-09 12:54:22',	NULL),
(135,	'Lauren Schmidt Hissrich',	NULL,	'directrice de serie',	'2023-11-09 12:54:44',	NULL),
(136,	'Hwang Dong-hyuk',	NULL,	'directeur de serie',	'2023-11-09 12:55:02',	NULL),
(137,	'J . D Payne',	NULL,	'directeur de serie',	'2023-11-09 12:55:46',	NULL),
(138,	'Craig Mazin',	NULL,	'directeur de serie',	'2023-11-09 12:55:58',	NULL),
(139,	'Tetsurõ Araki',	NULL,	'realisateur',	'2023-11-09 13:31:48',	NULL),
(140,	'Wit Studio',	'Wit Studio',	'studio d\'animation',	'2023-11-09 13:32:11',	'2023-11-09 14:44:42'),
(141,	'Tomohiko Ito',	NULL,	'realisateur',	'2023-11-09 13:32:23',	NULL),
(142,	'A-1 Pictures',	'A-1 Pictures',	'studio d\'animation',	'2023-11-09 13:32:33',	'2023-11-09 14:45:17'),
(143,	'Hiroshi Hamasaki',	NULL,	'realisateur',	'2023-11-09 13:32:41',	NULL),
(144,	'White Fox',	'White Fox',	'studio d\'animation',	'2023-11-09 13:32:50',	'2023-11-09 14:44:57'),
(145,	'Seiji Kishi',	NULL,	'realisateur',	'2023-11-09 13:33:24',	NULL),
(146,	'P.A.Works',	'P.A.Works',	'studio d\'animation',	'2023-11-09 13:33:31',	'2023-11-09 14:45:00'),
(147,	'Shuhei Morita',	NULL,	'realisateur',	'2023-11-09 13:33:40',	NULL),
(148,	'Studio Pierrot',	'Studio Pierrot',	'studio d\'animation',	'2023-11-09 13:33:49',	'2023-11-09 14:44:34'),
(149,	'Shingo Natsume',	NULL,	'realisateur',	'2023-11-09 13:33:59',	NULL),
(150,	'Madhouse',	'Madhouse',	'studio d\'animation',	'2023-11-09 13:34:07',	'2023-11-09 14:44:46'),
(151,	'Kenji Nagasaki',	NULL,	'realisateur',	'2023-11-09 13:34:20',	NULL),
(152,	'Bones',	'Bones',	'studio d\'animation',	'2023-11-09 13:34:24',	'2023-11-09 14:45:14'),
(153,	'Masayuki Kojima',	NULL,	'realisateur',	'2023-11-09 13:34:40',	NULL),
(154,	'Kinema Citrus',	'Kinema Citrus',	'studio d\'animation',	'2023-11-09 13:34:48',	'2023-11-09 14:44:38'),
(155,	'Masaaki Yuasa',	NULL,	'realisateur',	'2023-11-09 13:34:56',	NULL),
(156,	'Science SARU',	'Science SARU',	'studio d\'animation',	'2023-11-09 13:35:02',	'2023-11-09 14:45:10'),
(157,	'Haruo Sotozaki',	NULL,	'realisateur',	'2023-11-09 13:35:12',	NULL),
(158,	'Ufotable',	'Ufotable',	'studio d\'animation',	'2023-11-09 13:35:19',	'2023-11-09 14:45:07'),
(159,	'Sunghoo Park',	NULL,	'realisateur',	'2023-11-09 13:35:27',	NULL),
(160,	'MAPPA',	'MAPPA',	'studio d\'animation',	'2023-11-09 13:35:37',	'2023-11-09 14:45:04'),
(161,	'Koichi Hatsumi',	NULL,	'realisateur',	'2023-11-09 13:35:45',	NULL),
(162,	'Liden Films',	'Liden Films',	'studio d\'animation',	'2023-11-09 13:35:52',	'2023-11-09 14:44:53'),
(163,	'Ryu Nakayama',	NULL,	'realisateur',	'2023-11-09 13:36:05',	NULL),
(164,	'Tetsuaki Watanabe',	NULL,	'realisateur',	'2023-11-09 13:36:21',	NULL),
(165,	'8bit',	'8bit',	'studio d\'animation',	'2023-11-09 13:36:36',	'2023-11-09 14:44:50'),
(166,	'Hajime Isayama',	NULL,	'mangaka',	'2023-11-09 14:26:25',	'2023-11-09 14:26:52'),
(167,	'Shinobu Ohtaka',	NULL,	'mangaka',	'2023-11-09 14:26:37',	'2023-11-09 14:27:02'),
(168,	'Yùsei Matsui',	NULL,	'mangaka',	'2023-11-09 14:27:28',	NULL),
(169,	'ONE',	NULL,	'mangaka',	'2023-11-09 14:27:35',	NULL),
(170,	'Yusuke Murata',	NULL,	'dessinateur',	'2023-11-09 14:27:43',	NULL),
(171,	'Kõhei Horikoshi',	NULL,	'mangaka',	'2023-11-09 14:27:58',	NULL),
(172,	'Kaiu Shirai',	NULL,	'mangaka',	'2023-11-09 14:28:05',	NULL),
(173,	'Posuka Demizu',	NULL,	'dessinateur',	'2023-11-09 14:28:13',	NULL),
(174,	'Atsuhi Õkubo',	NULL,	'mangaka',	'2023-11-09 14:28:25',	NULL),
(175,	'Akihito Tsukushi',	NULL,	'mangaka',	'2023-11-09 14:28:33',	NULL),
(176,	'Riichiro Inagaki',	NULL,	'mangaka',	'2023-11-09 14:28:44',	NULL),
(177,	'Boichi',	NULL,	'dessinateur',	'2023-11-09 14:28:51',	NULL),
(178,	'Koyoharu Gotouge',	NULL,	'mangaka',	'2023-11-09 14:28:59',	NULL),
(179,	'Gege Akutami',	NULL,	'mangaka',	'2023-11-09 14:29:11',	NULL),
(180,	'Naoya Matsumoto',	NULL,	'mangaka',	'2023-11-09 14:29:22',	NULL),
(181,	'Yukinobu Tatsu',	NULL,	'mangaka',	'2023-11-09 14:29:31',	NULL),
(182,	'Rockstar Games',	'Rockstar Games',	'editeur',	'2023-11-09 14:51:38',	NULL),
(183,	'Bethesda',	'Bethesda',	'editeur',	'2023-11-09 14:51:49',	NULL),
(184,	'Blizzard',	'Blizzard',	'editeur',	'2023-11-09 14:52:01',	NULL),
(185,	'Bungie',	'Bungie',	'editeur',	'2023-11-09 14:52:16',	NULL),
(186,	'CD Projekt',	'CD Projekt',	'editeur',	'2023-11-09 14:52:28',	NULL),
(187,	'Nintendo',	'Nintendo',	'editeur',	'2023-11-09 14:52:39',	NULL),
(188,	'FromSoftware',	'FromSoftware',	'editeur',	'2023-11-09 14:53:03',	NULL),
(189,	'Naughty Dog',	'Naughty Dog',	'editeur',	'2023-11-09 14:53:38',	NULL),
(190,	'Capcom',	'Capcom',	'editeur',	'2023-11-09 14:53:51',	NULL),
(191,	'Larian Studios',	'Larian Studios',	'editeur',	'2023-11-09 14:55:14',	NULL),
(192,	'Suzanne Collins',	NULL,	'ecrivaine',	'2023-11-09 15:13:50',	NULL),
(193,	'George R.R. Martin',	NULL,	'ecrivain',	'2023-11-09 15:14:02',	NULL),
(194,	'Gillian Flynn',	NULL,	'ecrivaine',	'2023-11-09 15:14:19',	NULL),
(195,	'Donna tartt',	NULL,	'ecrivaine',	'2023-11-09 15:14:29',	NULL),
(196,	'John Green',	NULL,	'ecrivain',	'2023-11-09 15:14:35',	NULL),
(197,	'Paula Hawkins',	NULL,	'ecrivaine',	'2023-11-09 15:14:43',	NULL),
(198,	'Colson Whitehead',	NULL,	'ecrivain',	'2023-11-09 15:14:56',	NULL),
(199,	'Dan Brown',	NULL,	'ecrivain',	'2023-11-09 15:15:04',	NULL),
(200,	'Stephen King',	NULL,	'ecrivain',	'2023-11-09 15:15:13',	NULL),
(201,	'Margaret Atwood',	NULL,	'ecrivaine',	'2023-11-09 15:15:25',	NULL),
(202,	'Matt Haig',	NULL,	'ecrivain',	'2023-11-09 15:15:36',	NULL),
(203,	'Laura Dave',	NULL,	'ecrivaine',	'2023-11-09 15:15:43',	NULL),
(204,	'Colleen Hoover',	NULL,	'ecrivaine',	'2023-11-09 15:15:50',	NULL);

DROP TABLE IF EXISTS `category`;
CREATE TABLE `category` (
  `id` int(11) NOT NULL AUTO_INCREMENT,
  `name` varchar(255) NOT NULL,
  `created_at` datetime NOT NULL COMMENT '(DC2Type:datetime_immutable)',
  `updated_at` datetime DEFAULT NULL COMMENT '(DC2Type:datetime_immutable)',
  PRIMARY KEY (`id`)
) ENGINE=InnoDB DEFAULT CHARSET=utf8mb4 COLLATE=utf8mb4_unicode_ci;

INSERT INTO `category` (`id`, `name`, `created_at`, `updated_at`) VALUES
(1,	'film',	'2023-10-27 11:37:28',	NULL),
(2,	'serie',	'2023-10-27 14:29:29',	NULL),
(7,	'anime',	'2023-11-03 10:39:24',	NULL),
(8,	'manga',	'2023-11-03 10:39:37',	NULL),
(9,	'jeu video',	'2023-11-03 10:39:48',	NULL),
(10,	'livre',	'2023-11-03 10:39:55',	NULL);

DROP TABLE IF EXISTS `character`;
CREATE TABLE `character` (
  `id` int(11) NOT NULL AUTO_INCREMENT,
  `role` varchar(255) NOT NULL,
  `created_at` datetime NOT NULL COMMENT '(DC2Type:datetime_immutable)',
  `updated_at` datetime DEFAULT NULL COMMENT '(DC2Type:datetime_immutable)',
  PRIMARY KEY (`id`)
) ENGINE=InnoDB DEFAULT CHARSET=utf8mb4 COLLATE=utf8mb4_unicode_ci;

INSERT INTO `character` (`id`, `role`, `created_at`, `updated_at`) VALUES
(517,	'Dom Cobb',	'2023-11-09 12:08:20',	NULL),
(518,	'Arthur',	'2023-11-09 12:08:51',	NULL),
(519,	'Blu',	'2023-11-09 12:09:07',	NULL),
(520,	'Jewel',	'2023-11-09 12:09:12',	NULL),
(521,	'James Bond',	'2023-11-09 12:09:21',	NULL),
(522,	'M',	'2023-11-09 12:09:31',	NULL),
(523,	'Elsa',	'2023-11-09 12:09:37',	NULL),
(524,	'Anna',	'2023-11-09 12:09:42',	NULL),
(525,	'Peter Quill / Star-Lord',	'2023-11-09 12:11:09',	NULL),
(526,	'Gamora',	'2023-11-09 12:11:15',	NULL),
(527,	'Kevin',	'2023-11-09 12:11:20',	NULL),
(528,	'Stuart',	'2023-11-09 12:11:28',	NULL),
(529,	'Judy Hopps',	'2023-11-09 12:11:36',	NULL),
(530,	'Nick Wilde',	'2023-11-09 12:11:40',	NULL),
(531,	'Logan / Wolverine',	'2023-11-09 12:11:53',	NULL),
(532,	'Laura / X-23',	'2023-11-09 12:12:07',	NULL),
(533,	'T\'Challa / Black Panther',	'2023-11-09 12:12:28',	NULL),
(534,	'Erik Killmonger',	'2023-11-09 12:12:48',	NULL),
(535,	'Arthur Fleck / Joker',	'2023-11-09 12:13:02',	NULL),
(536,	'Murray Franklin',	'2023-11-09 12:13:15',	NULL),
(537,	'Le Protagoniste',	'2023-11-09 12:13:32',	NULL),
(538,	'Neil',	'2023-11-09 12:13:40',	NULL),
(539,	'Sersi',	'2023-11-09 12:13:49',	NULL),
(540,	'Ikaris',	'2023-11-09 12:14:01',	NULL),
(541,	'Pete \"Maverick\" Mitchell',	'2023-11-09 12:14:14',	NULL),
(542,	'Bradley \"Rooster\" Bradshaw',	'2023-11-09 12:14:30',	NULL),
(543,	'Mario',	'2023-11-09 12:14:35',	'2023-11-15 09:35:01'),
(544,	'Bowser',	'2023-11-09 12:14:42',	NULL),
(545,	'Jon Snow',	'2023-11-09 12:45:37',	NULL),
(546,	'Daenerys Targaryen',	'2023-11-09 12:45:49',	NULL),
(547,	'Walter White',	'2023-11-09 12:46:01',	NULL),
(548,	'Jesse Pinkman',	'2023-11-09 12:46:11',	NULL),
(549,	'Sherlock Holmes',	'2023-11-09 12:46:19',	NULL),
(550,	'Dr. John Watson',	'2023-11-09 12:46:31',	NULL),
(551,	'Frank Underwood',	'2023-11-09 12:46:42',	NULL),
(552,	'Claire Underwood',	'2023-11-09 12:46:53',	NULL),
(553,	'Rust Cohle',	'2023-11-09 12:47:06',	NULL),
(554,	'Marty Hart',	'2023-11-09 12:47:22',	NULL),
(555,	'Elliot Alderson',	'2023-11-09 12:47:35',	NULL),
(556,	'Mr. Robot',	'2023-11-09 12:47:46',	NULL),
(557,	'Eleven',	'2023-11-09 12:47:55',	NULL),
(558,	'Mike Wheeler',	'2023-11-09 12:48:05',	NULL),
(559,	'June Osborne / Offred',	'2023-11-09 12:48:18',	NULL),
(560,	'Serena Joy Waterford',	'2023-11-09 12:48:32',	NULL),
(561,	'Din Djarin / The Mandalorian',	'2023-11-09 12:48:43',	NULL),
(562,	'Grogu / The Child',	'2023-11-09 12:48:53',	NULL),
(563,	'Geralt of Rivia',	'2023-11-09 12:49:04',	NULL),
(564,	'Yennefer of Vengerberg',	'2023-11-09 12:49:17',	NULL),
(565,	'Seong Gi-hun',	'2023-11-09 12:49:27',	NULL),
(566,	'Cho Sang-woo',	'2023-11-09 12:49:36',	NULL),
(567,	'Galadriel',	'2023-11-09 12:49:45',	NULL),
(568,	'Elrond',	'2023-11-09 12:49:52',	NULL),
(569,	'Joel Miller',	'2023-11-09 12:50:10',	NULL),
(570,	'Ellie Williams',	'2023-11-09 12:50:18',	NULL),
(571,	'Eren Jaeger',	'2023-11-09 13:25:49',	NULL),
(572,	'Mikasa Ackerman',	'2023-11-09 13:25:55',	NULL),
(573,	'Kirito (Kazuto Kirigaya)',	'2023-11-09 13:26:05',	NULL),
(574,	'Asuna (Asuna Yuuki)',	'2023-11-09 13:26:15',	NULL),
(575,	'Rintarou Okabe',	'2023-11-09 13:26:22',	NULL),
(576,	'Kurisu Makise',	'2023-11-09 13:26:29',	NULL),
(577,	'Otonashi Yuzuru',	'2023-11-09 13:26:36',	NULL),
(578,	'Kanade Tachibana (Angel)',	'2023-11-09 13:26:47',	NULL),
(579,	'Ken Kaneki',	'2023-11-09 13:26:56',	NULL),
(580,	'Touka Kirishima',	'2023-11-09 13:27:08',	NULL),
(581,	'Saitama',	'2023-11-09 13:27:13',	NULL),
(582,	'Genos',	'2023-11-09 13:27:19',	NULL),
(583,	'Izuku Midoriya (Deku)',	'2023-11-09 13:27:35',	NULL),
(584,	'Katsuki Bakugo',	'2023-11-09 13:27:42',	NULL),
(585,	'Riko',	'2023-11-09 13:27:49',	NULL),
(586,	'Reg',	'2023-11-09 13:27:55',	NULL),
(587,	'Akira Fudo',	'2023-11-09 13:28:02',	NULL),
(588,	'Ryo Asuka',	'2023-11-09 13:28:06',	NULL),
(589,	'Tanjiro Kamado',	'2023-11-09 13:28:16',	NULL),
(590,	'Nezuko Kamado',	'2023-11-09 13:28:22',	NULL),
(591,	'Yuji Itadori',	'2023-11-09 13:28:29',	NULL),
(592,	'Megumi Fushiguro',	'2023-11-09 13:28:38',	NULL),
(593,	'Takemichi Hanagaki',	'2023-11-09 13:28:44',	NULL),
(594,	'Manjiro Sano (Mikey)',	'2023-11-09 13:28:53',	NULL),
(595,	'Denji',	'2023-11-09 13:29:00',	NULL),
(596,	'Makima',	'2023-11-09 13:29:03',	NULL),
(597,	'Yoichi Isagi',	'2023-11-09 13:29:08',	NULL),
(598,	'Meguru Bachira',	'2023-11-09 13:29:14',	NULL),
(599,	'Aladdin',	'2023-11-09 14:23:25',	NULL),
(600,	'Alibaba Saluja',	'2023-11-09 14:23:34',	NULL),
(601,	'Koro-sensei',	'2023-11-09 14:23:41',	NULL),
(602,	'Nagisa Shiota',	'2023-11-09 14:23:51',	NULL),
(603,	'Emma',	'2023-11-09 14:24:00',	NULL),
(604,	'Norman',	'2023-11-09 14:24:07',	NULL),
(605,	'Shinra Kusakabe',	'2023-11-09 14:24:13',	NULL),
(606,	'Arthur Boyle',	'2023-11-09 14:24:19',	NULL),
(607,	'Senku Ishigami',	'2023-11-09 14:24:31',	NULL),
(608,	'Taiju Oki',	'2023-11-09 14:24:38',	NULL),
(609,	'Kafka Hibino',	'2023-11-09 14:24:48',	NULL),
(610,	'Mina Ashiro',	'2023-11-09 14:24:53',	NULL),
(611,	'Momo Ayase',	'2023-11-09 14:25:00',	NULL),
(612,	'Okarun (Ken Takakura)',	'2023-11-09 14:25:10',	NULL),
(613,	'John Marston',	'2023-11-09 14:46:15',	NULL),
(614,	'Bonnie MacFarlane',	'2023-11-09 14:46:22',	NULL),
(615,	'Dovahkiin',	'2023-11-09 14:46:32',	NULL),
(616,	'Alduin',	'2023-11-09 14:46:37',	NULL),
(617,	'Nephalem',	'2023-11-09 14:46:41',	NULL),
(618,	'Diablo',	'2023-11-09 14:46:46',	NULL),
(619,	'Michael De Santa',	'2023-11-09 14:46:52',	NULL),
(620,	'Trevor Philips',	'2023-11-09 14:46:56',	NULL),
(621,	'Guardien',	'2023-11-09 14:47:04',	NULL),
(622,	'Ghost',	'2023-11-09 14:47:08',	NULL),
(623,	'Geralt de Riv',	'2023-11-09 14:47:20',	NULL),
(624,	'Ciri',	'2023-11-09 14:47:23',	NULL),
(625,	'Tracer',	'2023-11-09 14:47:29',	NULL),
(626,	'Winston',	'2023-11-09 14:47:33',	NULL),
(627,	'Link',	'2023-11-09 14:47:38',	NULL),
(628,	'Princess Zelda',	'2023-11-09 14:47:43',	NULL),
(629,	'Arthur Morgan',	'2023-11-09 14:47:49',	NULL),
(630,	'Dutch van der Linde',	'2023-11-09 14:47:57',	NULL),
(631,	'Wolf',	'2023-11-09 14:48:02',	NULL),
(632,	'Isshin Ashina',	'2023-11-09 14:48:07',	NULL),
(633,	'Ellie',	'2023-11-09 14:48:14',	NULL),
(634,	'Abby Anderson',	'2023-11-09 14:48:21',	NULL),
(635,	'Ethan Winters',	'2023-11-09 14:48:26',	NULL),
(636,	'Lady Dimitrescu',	'2023-11-09 14:48:32',	NULL),
(637,	'Tarnished',	'2023-11-09 14:48:39',	NULL),
(638,	'Melina',	'2023-11-09 14:48:50',	NULL),
(639,	'Astarion',	'2023-11-09 14:50:13',	NULL),
(640,	'Shadowheart',	'2023-11-09 14:50:20',	NULL),
(641,	'Katniss Everdeen',	'2023-11-09 15:09:42',	NULL),
(642,	'Peeta Mellark',	'2023-11-09 15:09:48',	NULL),
(643,	'Nick Dunne',	'2023-11-09 15:09:54',	NULL),
(644,	'Amy Dunne',	'2023-11-09 15:09:59',	NULL),
(645,	'Theo Decker',	'2023-11-09 15:10:04',	NULL),
(646,	'Boris Pavlivovsky',	'2023-11-09 15:10:14',	NULL),
(647,	'Hazel Grace Lancaster',	'2023-11-09 15:10:21',	NULL),
(648,	'Augustus \"Gus\" Waters',	'2023-11-09 15:10:28',	NULL),
(649,	'Rachel Watson',	'2023-11-09 15:10:33',	NULL),
(650,	'Megan Hipwell',	'2023-11-09 15:10:39',	NULL),
(651,	'Cora',	'2023-11-09 15:10:43',	NULL),
(652,	'Caesar',	'2023-11-09 15:10:47',	NULL),
(653,	'Robert Langdon',	'2023-11-09 15:10:53',	NULL),
(654,	'Ambra Vidal',	'2023-11-09 15:10:59',	NULL),
(655,	'Ralph Anderson',	'2023-11-09 15:11:06',	NULL),
(656,	'Terry Maitland',	'2023-11-09 15:11:14',	NULL),
(657,	'Agnes Jemima',	'2023-11-09 15:12:09',	NULL),
(658,	'Daisy (Nicole)',	'2023-11-09 15:12:16',	NULL),
(659,	'Nora Seed',	'2023-11-09 15:12:22',	NULL),
(660,	'Mrs. Elm',	'2023-11-09 15:12:29',	NULL),
(661,	'Hannah Hall',	'2023-11-09 15:12:36',	NULL),
(662,	'Bailey',	'2023-11-09 15:12:41',	NULL),
(663,	'Lily Bloom',	'2023-11-09 15:12:49',	NULL),
(664,	'Ryle Kincaid',	'2023-11-09 15:12:54',	NULL);

DROP TABLE IF EXISTS `character_actor`;
CREATE TABLE `character_actor` (
  `character_id` int(11) NOT NULL,
  `actor_id` int(11) NOT NULL,
  PRIMARY KEY (`character_id`,`actor_id`),
  KEY `IDX_BAB6B19B1136BE75` (`character_id`),
  KEY `IDX_BAB6B19B10DAF24A` (`actor_id`),
  CONSTRAINT `FK_BAB6B19B10DAF24A` FOREIGN KEY (`actor_id`) REFERENCES `actor` (`id`) ON DELETE CASCADE,
  CONSTRAINT `FK_BAB6B19B1136BE75` FOREIGN KEY (`character_id`) REFERENCES `character` (`id`) ON DELETE CASCADE
) ENGINE=InnoDB DEFAULT CHARSET=utf8mb4 COLLATE=utf8mb4_unicode_ci;

INSERT INTO `character_actor` (`character_id`, `actor_id`) VALUES
(517,	54),
(518,	55),
(521,	57),
(522,	58),
(525,	71),
(526,	72),
(531,	59),
(532,	60),
(533,	61),
(534,	62),
(535,	63),
(536,	64),
(537,	65),
(538,	66),
(539,	67),
(540,	68),
(541,	69),
(542,	70),
(545,	73),
(546,	74),
(547,	75),
(548,	76),
(549,	77),
(550,	78),
(551,	79),
(552,	80),
(553,	81),
(554,	82),
(555,	83),
(556,	84),
(557,	85),
(558,	86),
(559,	87),
(560,	88),
(561,	89),
(563,	90),
(564,	91),
(565,	92),
(566,	93),
(567,	94),
(568,	95),
(569,	89),
(570,	96);

DROP TABLE IF EXISTS `doctrine_migration_versions`;
CREATE TABLE `doctrine_migration_versions` (
  `version` varchar(191) NOT NULL,
  `executed_at` datetime DEFAULT NULL,
  `execution_time` int(11) DEFAULT NULL,
  PRIMARY KEY (`version`)
) ENGINE=InnoDB DEFAULT CHARSET=utf8 COLLATE=utf8_unicode_ci;

INSERT INTO `doctrine_migration_versions` (`version`, `executed_at`, `execution_time`) VALUES
('DoctrineMigrations\\Version20231027093423',	'2023-10-27 11:34:36',	752),
('DoctrineMigrations\\Version20231106150127',	'2023-11-07 11:57:22',	86),
('DoctrineMigrations\\Version20231106150510',	'2023-11-07 11:57:22',	28),
('DoctrineMigrations\\Version20231106171803',	'2023-11-07 11:57:22',	2),
('DoctrineMigrations\\Version20231113082630',	'2023-11-13 11:21:37',	81);

DROP TABLE IF EXISTS `genre`;
CREATE TABLE `genre` (
  `id` int(11) NOT NULL AUTO_INCREMENT,
  `name` varchar(255) NOT NULL,
  `created_at` datetime NOT NULL COMMENT '(DC2Type:datetime_immutable)',
  `updated_at` datetime DEFAULT NULL COMMENT '(DC2Type:datetime_immutable)',
  PRIMARY KEY (`id`)
) ENGINE=InnoDB DEFAULT CHARSET=utf8mb4 COLLATE=utf8mb4_unicode_ci;

INSERT INTO `genre` (`id`, `name`, `created_at`, `updated_at`) VALUES
(3,	'Action',	'2023-11-02 11:17:40',	NULL),
(4,	'Aventure',	'2023-11-02 11:17:44',	NULL),
(5,	'Animation',	'2023-11-02 11:17:49',	NULL),
(6,	'Comedie',	'2023-11-02 11:17:57',	NULL),
(7,	'Documentaire',	'2023-11-02 11:18:16',	NULL),
(8,	'Drame',	'2023-11-02 11:18:20',	NULL),
(9,	'Famille',	'2023-11-02 11:18:26',	NULL),
(10,	'Fantastique',	'2023-11-02 11:18:32',	NULL),
(11,	'Historique',	'2023-11-02 11:18:38',	NULL),
(12,	'Horreur',	'2023-11-02 11:18:43',	NULL),
(13,	'Romance',	'2023-11-02 11:18:49',	NULL),
(14,	'Sci-fi',	'2023-11-02 11:18:54',	NULL),
(15,	'Thriller',	'2023-11-02 11:18:58',	NULL),
(16,	'Guerre',	'2023-11-02 11:19:02',	NULL),
(17,	'Western',	'2023-11-02 11:19:07',	NULL),
(18,	'Shonen',	'2023-11-09 13:44:26',	NULL),
(19,	'Seinen',	'2023-11-09 13:44:30',	NULL),
(20,	'RPG',	'2023-11-09 14:54:34',	NULL),
(21,	'FPS',	'2023-11-09 14:54:39',	NULL),
(22,	'Action-Aventure',	'2023-11-09 14:54:46',	NULL),
(23,	'Survival',	'2023-11-09 14:54:53',	NULL),
(24,	'MMO',	'2023-11-09 14:54:57',	NULL);

DROP TABLE IF EXISTS `media`;
CREATE TABLE `media` (
  `id` int(11) NOT NULL AUTO_INCREMENT,
  `category_id` int(11) NOT NULL,
  `title` varchar(255) NOT NULL,
  `summary` varchar(100) NOT NULL,
  `release_date` smallint(6) NOT NULL,
  `synopsis` longtext DEFAULT NULL,
  `picture` varchar(255) NOT NULL,
  `duration` smallint(6) DEFAULT NULL,
  `nb_pages` smallint(6) DEFAULT NULL,
  `created_at` datetime NOT NULL COMMENT '(DC2Type:datetime_immutable)',
  `updated_at` datetime DEFAULT NULL COMMENT '(DC2Type:datetime_immutable)',
  PRIMARY KEY (`id`),
  KEY `IDX_6A2CA10C12469DE2` (`category_id`),
  CONSTRAINT `FK_6A2CA10C12469DE2` FOREIGN KEY (`category_id`) REFERENCES `category` (`id`)
) ENGINE=InnoDB DEFAULT CHARSET=utf8mb4 COLLATE=utf8mb4_unicode_ci;

INSERT INTO `media` (`id`, `category_id`, `title`, `summary`, `release_date`, `synopsis`, `picture`, `duration`, `nb_pages`, `created_at`, `updated_at`) VALUES
(61,	1,	'Inception',	'Un voleur entre dans les rêves pour voler des secrets.',	2010,	NULL,	'https://m.media-amazon.com/images/M/MV5BMjAxMzY3NjcxNF5BMl5BanBnXkFtZTcwNTI5OTM0Mw@@._V1_.jpg',	NULL,	NULL,	'2023-11-02 10:50:12',	NULL),
(65,	1,	'Rio',	'Un perroquet domestique part à Rio pour sauver son espèce.',	2011,	NULL,	'https://m.media-amazon.com/images/M/MV5BMTU2MDY3MzAzMl5BMl5BanBnXkFtZTcwMTg0NjM5NA@@._V1_.jpg',	NULL,	NULL,	'2023-11-02 10:51:09',	NULL),
(68,	1,	'Skyfall',	'Un agent secret protège son organisation contre une menace interne.',	2012,	NULL,	'https://m.media-amazon.com/images/M/MV5BMWZiNjE2OWItMTkwNy00ZWQzLWI0NTgtMWE0NjNiYTljN2Q1XkEyXkFqcGdeQXVyNzAwMjYxMzA@._V1_.jpg',	NULL,	NULL,	'2023-11-02 10:51:39',	NULL),
(70,	1,	'Frozen',	'Deux sœurs royales font face à un hiver éternel.',	2013,	NULL,	'https://m.media-amazon.com/images/M/MV5BMTQ1MjQwMTE5OF5BMl5BanBnXkFtZTgwNjk3MTcyMDE@._V1_.jpg',	NULL,	NULL,	'2023-11-02 10:53:21',	NULL),
(72,	1,	'Guardians of the Galaxy',	'Des marginaux intergalactiques sauvent la galaxie.',	2014,	NULL,	'https://m.media-amazon.com/images/M/MV5BMTAwMjU5OTgxNjZeQTJeQWpwZ15BbWU4MDUxNDYxODEx._V1_.jpg',	NULL,	NULL,	'2023-11-02 10:53:43',	NULL),
(84,	1,	'Minions',	'Les petites créatures jaunes cherchent un méchant à servir.',	2015,	NULL,	'https://m.media-amazon.com/images/M/MV5BMTg2MTMyMzU0M15BMl5BanBnXkFtZTgwOTU3ODk4NTE@._V1_.jpg',	NULL,	NULL,	'2023-11-02 10:54:46',	NULL),
(85,	1,	'Zootopia',	'Une lapine policière résout un mystère dans une ville d\'animaux.',	2016,	NULL,	'https://m.media-amazon.com/images/M/MV5BOTMyMjEyNzIzMV5BMl5BanBnXkFtZTgwNzIyNjU0NzE@._V1_.jpg',	NULL,	NULL,	'2023-11-02 10:56:05',	NULL),
(89,	1,	'Logan',	'Un vieux Wolverine protège une jeune mutante.',	2017,	NULL,	'https://m.media-amazon.com/images/M/MV5BYzc5MTU4N2EtYTkyMi00NjdhLTg3NWEtMTY4OTEyMzJhZTAzXkEyXkFqcGdeQXVyNjc1NTYyMjg@._V1_.jpg',	NULL,	NULL,	'2023-11-02 10:57:14',	NULL),
(97,	1,	'Black Panther',	'Un roi africain protège son pays et le monde.',	2018,	NULL,	'https://m.media-amazon.com/images/M/MV5BMTg1MTY2MjYzNV5BMl5BanBnXkFtZTgwMTc4NTMwNDI@._V1_.jpg',	NULL,	NULL,	'2023-11-02 10:58:07',	NULL),
(101,	1,	'Joker',	' L\'ascension d\'un comique raté devenant un criminel chaotique.',	2019,	NULL,	'https://m.media-amazon.com/images/M/MV5BNGVjNWI4ZGUtNzE0MS00YTJmLWE0ZDctN2ZiYTk2YmI3NTYyXkEyXkFqcGdeQXVyMTkxNjUyNQ@@._V1_.jpg',	NULL,	NULL,	'2023-11-02 10:59:09',	NULL),
(104,	1,	'Tenet',	'Un agent utilise le temps pour empêcher la Troisième Guerre mondiale.',	2020,	NULL,	'https://m.media-amazon.com/images/M/MV5BYzg0NGM2NjAtNmIxOC00MDJmLTg5ZmYtYzM0MTE4NWE2NzlhXkEyXkFqcGdeQXVyMTA4NjE0NjEy._V1_.jpg',	NULL,	NULL,	'2023-11-02 10:59:51',	NULL),
(109,	1,	'Eternals',	'Ils protègent la Terre à travers les âges.',	2021,	NULL,	'https://m.media-amazon.com/images/M/MV5BMTExZmVjY2ItYTAzYi00MDdlLWFlOWItNTJhMDRjMzQ5ZGY0XkEyXkFqcGdeQXVyODIyOTEyMzY@._V1_.jpg',	NULL,	NULL,	'2023-11-02 11:01:57',	'2023-11-09 12:22:40'),
(111,	1,	'Top Gun: Maverick',	'Un pilote expérimenté forme la futur génération.',	2022,	'Après plus de 30 ans de service en tant que l\'un des meilleurs aviateurs de la Marine, Pete \"Maverick\" Mitchell est à sa place, repoussant les limites en tant que pilote d\'essai courageux et esquivant l\'avancement de grade qui le mettrait à la terre. Entraînant de jeunes diplômés pour une mission spéciale, Maverick doit affronter les fantômes de son passé et ses peurs les plus profondes, aboutissant à une mission qui exige le sacrifice ultime de ceux qui choisissent de la piloter.',	'https://m.media-amazon.com/images/M/MV5BZWYzOGEwNTgtNWU3NS00ZTQ0LWJkODUtMmVhMjIwMjA1ZmQwXkEyXkFqcGdeQXVyMjkwOTAyMDU@._V1_.jpg',	NULL,	NULL,	'2023-11-02 11:02:29',	'2023-11-09 12:21:55'),
(130,	1,	'The Super Mario Bros. Movie',	'Aventure épique dans le Royaume Champignon.',	2023,	'Un plombier nommé Mario parcourt un labyrinthe souterrain avec son frère, Luigi, essayant de sauver une princesse capturée. Adaptation cinématographique du célèbre jeu vidéo.',	'https://m.media-amazon.com/images/M/MV5BOTJhNzlmNzctNTU5Yy00N2YwLThhMjQtZDM0YjEzN2Y0ZjNhXkEyXkFqcGdeQXVyMTEwMTQ4MzU5._V1_.jpg',	92,	NULL,	'2023-11-02 11:04:40',	'2023-11-09 12:21:11'),
(154,	2,	'Game of Thrones',	'Lutte de pouvoir à Westeros.',	2011,	NULL,	'https://fr.web.img3.acsta.net/c_310_420/pictures/23/01/03/14/13/0717778.jpg',	NULL,	NULL,	'2023-11-09 12:37:06',	'2023-11-09 14:52:39'),
(155,	2,	'Breaking Bad',	'Un prof devient fabricant de drogue.',	2010,	NULL,	'https://fr.web.img5.acsta.net/pictures/19/06/18/12/11/3956503.jpg',	NULL,	NULL,	'2023-11-09 12:37:06',	'2023-11-09 14:52:19'),
(156,	2,	'Sherlock',	'Sherlock au 21ème siècle.',	2012,	NULL,	'https://fr.web.img5.acsta.net/pictures/18/11/05/18/04/4981046.jpg',	NULL,	NULL,	'2023-11-09 12:37:06',	'2023-11-09 14:51:59'),
(157,	2,	'House of Cards',	'Ascension politique impitoyable.',	2013,	NULL,	'https://m.media-amazon.com/images/M/MV5BNmM4ODU1MzItODYyYi00Y2U0LWFjZjItYTRhZWIwOGMyZTRhXkEyXkFqcGdeQXVyNjc2NTQ4Nzk@._V1_FMjpg_UX1000_.jpg',	NULL,	NULL,	'2023-11-09 12:37:06',	'2023-11-09 14:51:35'),
(158,	2,	'True Detective',	'Enquêtes de crimes complexes.',	2014,	NULL,	'https://fr.web.img6.acsta.net/pictures/15/05/11/12/02/294507.jpg',	NULL,	NULL,	'2023-11-09 12:37:06',	'2023-11-09 14:51:14'),
(159,	2,	'Mr. Robot',	'Hacker contre sécurité mondiale.',	2015,	NULL,	'https://m.media-amazon.com/images/M/MV5BM2QyNDIzOGMtNThhNS00NmUwLWI0ZjUtZjdkN2I1OTRjZWQ3XkEyXkFqcGdeQXVyNzQ1ODk3MTQ@._V1_.jpg',	NULL,	NULL,	'2023-11-09 12:37:06',	'2023-11-09 14:50:06'),
(160,	2,	'Stranger Things',	'Disparition d’un garçon.',	2016,	NULL,	'https://m.media-amazon.com/images/W/MEDIAX_792452-T2/images/I/81eY+Q2pOGL.jpg',	NULL,	NULL,	'2023-11-09 12:37:06',	'2023-11-09 14:49:36'),
(161,	2,	'The Handmaid\'s Tale',	'Femmes fertiles asservies.',	2017,	NULL,	'https://fr.web.img3.acsta.net/pictures/22/08/25/09/06/5539270.jpg',	NULL,	NULL,	'2023-11-09 12:37:06',	'2023-11-09 14:49:10'),
(162,	2,	'The Mandalorian',	'Chasseur de primes solitaire.',	2019,	NULL,	'https://fr.web.img5.acsta.net/pictures/23/02/02/08/50/0382923.jpg',	NULL,	NULL,	'2023-11-09 12:37:06',	'2023-11-09 14:48:27'),
(163,	2,	'The Witcher',	'Geralt chasse les monstres.',	2020,	NULL,	'https://fr.web.img6.acsta.net/pictures/19/12/12/12/13/2421997.jpg',	NULL,	NULL,	'2023-11-09 12:37:06',	'2023-11-09 14:47:34'),
(164,	2,	'Squid Game',	'Jeux mortels pour fortune.',	2021,	NULL,	'https://data.fou-de-puzzle.com/.8/squid-game-1000-pieces--puzzle.93224-1.fs.jpg',	NULL,	NULL,	'2023-11-09 12:37:06',	'2023-11-09 14:47:14'),
(165,	2,	'Le Seigneur des Anneaux',	'La création des Anneaux de Pouvoir.',	2022,	NULL,	'https://fr.web.img6.acsta.net/pictures/22/10/03/14/18/3235807.jpg',	NULL,	NULL,	'2023-11-09 12:37:06',	'2023-11-09 14:46:50'),
(166,	2,	'The Last of Us',	'La survie est une préoccupation quotidienne.',	2023,	NULL,	'https://fr.web.img2.acsta.net/pictures/23/01/12/12/36/0727474.jpg',	NULL,	NULL,	'2023-11-09 12:37:06',	'2023-11-09 14:46:21'),
(167,	7,	'Attack on Titan',	'Titans contre humains',	2013,	NULL,	'https://fr.web.img6.acsta.net/pictures/20/12/28/10/24/5603983.jpg',	NULL,	NULL,	'2023-11-09 13:23:26',	'2023-11-09 14:57:46'),
(168,	7,	'Sword Art Online',	'Aventure VRMMO',	2012,	NULL,	'https://fr.web.img6.acsta.net/pictures/19/07/09/11/04/5921608.jpg',	NULL,	NULL,	'2023-11-09 13:23:26',	'2023-11-09 14:57:25'),
(169,	7,	'Steins;Gate',	'Voyage temporel',	2011,	NULL,	'https://www.nautiljon.com/images/anime/00/76/steins_gate_1967.webp',	NULL,	NULL,	'2023-11-09 13:23:26',	'2023-11-09 14:57:04'),
(170,	7,	'Angel Beats!',	'Bataille post-vie',	2010,	NULL,	'https://fr.web.img6.acsta.net/pictures/19/07/11/16/29/4922111.jpg',	NULL,	NULL,	'2023-11-09 13:23:26',	'2023-11-09 14:56:45'),
(171,	7,	'Tokyo Ghoul',	'Société goules',	2014,	NULL,	'https://www.nautiljon.com/images/anime/00/28/tokyo_ghoul_3182.webp',	NULL,	NULL,	'2023-11-09 13:23:26',	'2023-11-09 14:56:28'),
(172,	7,	'One Punch Man',	'Héros surpuissant',	2015,	NULL,	'https://fr.web.img6.acsta.net/pictures/17/02/27/17/41/046707.jpg',	NULL,	NULL,	'2023-11-09 13:23:26',	'2023-11-09 16:49:28'),
(173,	7,	'My Hero Academia',	'Héros vs Vilains',	2016,	NULL,	'https://fr.web.img5.acsta.net/pictures/21/02/16/12/45/5319199.jpg',	NULL,	NULL,	'2023-11-09 13:23:26',	'2023-11-09 14:55:39'),
(174,	7,	'Made in Abyss',	'Exploration abysse',	2017,	NULL,	'https://fr.web.img6.acsta.net/pictures/20/03/04/12/47/5148843.jpg',	NULL,	NULL,	'2023-11-09 13:23:26',	'2023-11-09 14:55:23'),
(175,	7,	'Devilman Crybaby',	'Démon vs Homme',	2018,	NULL,	'https://fr.web.img2.acsta.net/pictures/17/11/30/08/33/5407948.jpg',	NULL,	NULL,	'2023-11-09 13:23:26',	'2023-11-09 14:55:01'),
(176,	7,	'Demon Slayer',	'Chasse aux démons',	2019,	NULL,	'https://fr.web.img5.acsta.net/c_310_420/pictures/19/09/18/13/46/0198270.jpg',	NULL,	NULL,	'2023-11-09 13:23:26',	'2023-11-09 14:54:44'),
(177,	7,	'Jujutsu Kaisen',	'Combat malédictions',	2020,	NULL,	'https://fr.web.img3.acsta.net/pictures/20/09/14/10/31/4875617.jpg',	NULL,	NULL,	'2023-11-09 13:23:26',	'2023-11-09 14:54:26'),
(178,	7,	'Tokyo Revengers',	'Gangs et voyages',	2021,	NULL,	'https://fr.web.img2.acsta.net/pictures/21/06/30/12/00/4012840.jpg',	NULL,	NULL,	'2023-11-09 13:23:26',	'2023-11-09 16:03:11'),
(179,	7,	'Chainsaw Man',	'Denji est un jeune homme sans argent qui travaille comme Devil Hunter',	2022,	NULL,	'https://japanresell.fr/cdn/shop/products/switch-vol40-no10-2022-chainsaw-man-416822_1200x1528.jpg?v=1678787163',	NULL,	NULL,	'2023-11-09 13:23:26',	'2023-11-09 14:53:36'),
(180,	7,	'Blue Lock',	'La fédération japonaise met en place un centre de formation',	2023,	NULL,	'https://fr.web.img4.acsta.net/pictures/22/10/07/09/03/4457121.jpg',	NULL,	NULL,	'2023-11-09 13:23:26',	'2023-11-09 14:53:08'),
(182,	8,	'Attack on Titan',	'L\'humanité enfermée derrière des murs lutte pour survivre face aux Titans dévoreurs.',	2010,	NULL,	'https://ekladata.com/LnBR4o2fr7HJYWZCSMmu2CCrkwA.jpg',	NULL,	NULL,	'2023-11-09 14:20:41',	'2023-11-09 15:02:57'),
(183,	8,	'Magi',	'Un jeune garçon nommé Aladdin part à l\'aventure avec ses amis pour explorer des labyrinthes.',	2011,	NULL,	'https://m.media-amazon.com/images/W/MEDIAX_792452-T2/images/I/71PyD5qsLML._AC_UF1000,1000_QL80_.jpg',	NULL,	NULL,	'2023-11-09 14:20:41',	'2023-11-09 15:02:39'),
(184,	8,	'Assassination Classroom',	'Des élèves d\'une classe de laissés-pour-compte doivent assassiner leur professeur alien.',	2012,	NULL,	'https://m.media-amazon.com/images/M/MV5BYzI0OWJlMjItYmE1NS00YzE2LWExNDAtMDM3MDA5MzM5NmExXkEyXkFqcGdeQXVyNzA5MDUyODA@._V1_.jpg',	NULL,	NULL,	'2023-11-09 14:20:41',	'2023-11-09 15:02:18'),
(185,	8,	'One Punch Man',	'Saitama, un héros si puissant qu\'il bat n\'importe quel adversaire en un coup, cherche un défi.',	2013,	NULL,	'https://fr.web.img6.acsta.net/pictures/17/02/27/17/41/046707.jpg',	NULL,	NULL,	'2023-11-09 14:20:41',	'2023-11-09 16:49:18'),
(186,	8,	'My Hero Academia',	'Dans un monde où la plupart des humains possèdent des pouvoirs, Izuku rêve de devenir un héros.',	2014,	NULL,	'https://fr.web.img5.acsta.net/pictures/21/02/16/12/45/5319199.jpg',	NULL,	NULL,	'2023-11-09 14:20:41',	'2023-11-09 15:01:38'),
(187,	8,	'The Promised Neverland',	'Des enfants orphelins découvrent une réalité sinistre derrière leur existence idyllique.',	2015,	NULL,	'https://fr.web.img4.acsta.net/pictures/20/02/26/09/12/3483516.jpg',	NULL,	NULL,	'2023-11-09 14:20:41',	'2023-11-09 15:00:28'),
(188,	8,	'Made in Abyss',	'Deux enfants descendent dans l\'Abysse, un gouffre colossal peuplé de créatures étranges.',	2017,	NULL,	'https://fr.web.img6.acsta.net/pictures/20/03/04/12/47/5148843.jpg',	NULL,	NULL,	'2023-11-09 14:20:41',	'2023-11-09 14:59:59'),
(189,	8,	'Dr. Stone',	'Après un mystérieux phénomène, un génie scientifique tente de reconstruire la civilisation.',	2018,	NULL,	'https://fr.web.img5.acsta.net/pictures/19/08/07/10/33/5476043.jpg',	NULL,	NULL,	'2023-11-09 14:20:41',	'2023-11-09 14:59:40'),
(190,	8,	'Demon Slayer',	'Tanjiro, un jeune vendeur de charbon, cherche à venger sa famille tuée par des démons.',	2019,	NULL,	'https://fr.web.img5.acsta.net/c_310_420/pictures/19/09/18/13/46/0198270.jpg',	NULL,	NULL,	'2023-11-09 14:20:41',	'2023-11-09 14:59:17'),
(191,	8,	'Jujutsu Kaisen',	'Yuji Itadori, doté de puissants pouvoirs occultes, se joint à une organisation de sorciers.',	2020,	NULL,	'https://fr.web.img3.acsta.net/pictures/20/09/14/10/31/4875617.jpg',	NULL,	NULL,	'2023-11-09 14:20:41',	'2023-11-09 14:58:55'),
(192,	8,	'Kaiju No. 8',	'Dans un Japon où des monstres attaquent, un homme acquiert des pouvoirs de kaiju pour les combattre.',	2021,	NULL,	'https://i.ebayimg.com/images/g/DwQAAOSwecBkyJLH/s-l1200.jpg',	NULL,	NULL,	'2023-11-09 14:20:41',	'2023-11-09 14:58:37'),
(193,	8,	'Dandadan',	'Romance et paranormal se rencontrent quand deux adolescents s\'engagent dans des batailles.',	2022,	NULL,	'https://www.manga-news.com/public/images/series/Dandadan_1_crunchyroll.jpg',	NULL,	NULL,	'2023-11-09 14:22:26',	'2023-11-09 14:58:17'),
(194,	9,	'Red Dead Redemption',	'Aventure dans l\'Ouest sauvage.',	2010,	NULL,	'https://static.printler.com/cache/a/c/1/3/e/3/ac13e34b7a08fadd120e42243b80167d35c0a65f.jpg',	NULL,	NULL,	'2023-11-09 14:40:38',	'2023-11-09 15:08:48'),
(195,	9,	'The Elder Scrolls V: Skyrim',	'Quête épique dans un monde ouvert.',	2011,	NULL,	'https://m.media-amazon.com/images/M/MV5BMzk1OWMyNzgtNDI4Mi00ZDYyLWFjZDItMjUwMGE3ZjFjOGQ5XkEyXkFqcGdeQXVyMTA0MTM5NjI2._V1_FMjpg_UX1000_.jpg',	NULL,	NULL,	'2023-11-09 14:40:38',	'2023-11-09 16:55:25'),
(196,	9,	'Diablo III',	'Combattez des démons dans ce RPG.',	2012,	NULL,	'https://m.media-amazon.com/images/W/MEDIAX_792452-T2/images/I/61zHUmPTc0L.jpg',	NULL,	NULL,	'2023-11-09 14:40:38',	'2023-11-09 15:08:07'),
(197,	9,	'Grand Theft Auto V',	'La vie de crime dans Los Santos.',	2013,	NULL,	'https://m.media-amazon.com/images/M/MV5BYjEzMTM4ZmQtZTEzYS00ZGVmLTkwM2EtNWNmMDI4OWQ0MjBmXkEyXkFqcGdeQXVyMTA0MTM5NjI2._V1_FMjpg_UX1000_.jpg',	NULL,	NULL,	'2023-11-09 14:40:38',	'2023-11-09 16:54:47'),
(198,	9,	'Destiny',	'FPS futuriste avec une touche MMO.',	2014,	NULL,	'https://m.media-amazon.com/images/M/MV5BNmUyYTIyNzktMWYzMi00MmU3LWFkOTUtZWJjYTZkZjE4ZmUxXkEyXkFqcGdeQXVyMTA0MTM5NjI2._V1_FMjpg_UX1000_.jpg',	NULL,	NULL,	'2023-11-09 14:40:38',	'2023-11-09 16:54:28'),
(199,	9,	'The Witcher 3: Wild Hunt',	'Aventure dans un monde riche.',	2015,	NULL,	'https://m.media-amazon.com/images/M/MV5BMDU4ODc1M2UtODg3Ny00NDViLTkxNmQtMzMzZWM1NGRmYTNjXkEyXkFqcGdeQXVyODY5Njk4Njc@._V1_FMjpg_UX1000_.jpg',	NULL,	NULL,	'2023-11-09 14:40:38',	'2023-11-09 16:58:27'),
(200,	9,	'Overwatch',	'Jeu de tir en équipe par Blizzard.',	2016,	NULL,	'https://m.media-amazon.com/images/M/MV5BYjBkNTJkOWUtNTg1ZS00NGZhLWIxMGUtOWE0ZDA0NzRkODM3XkEyXkFqcGdeQXVyMTA0MTM5NjI2._V1_.jpg',	NULL,	NULL,	'2023-11-09 14:40:38',	'2023-11-09 16:56:29'),
(201,	9,	'The Legend of Zelda: Breath of the Wild',	'Link explore Hyrule dans ce RPG.',	2017,	NULL,	'https://m.media-amazon.com/images/M/MV5BYjI3MjhiNjMtZjRlOC00MzQyLWEzMGMtZjY0MjhjNjRmMWI4XkEyXkFqcGdeQXVyMTA0MTM5NjI2._V1_.jpg',	NULL,	NULL,	'2023-11-09 14:40:38',	'2023-11-09 16:55:56'),
(202,	9,	'Red Dead Redemption 2',	'Préquelle épique dans l\'Ouest.',	2018,	NULL,	'https://m.media-amazon.com/images/M/MV5BMjMyZDY5NTctMzQ0Ny00ZTU0LWE1ZDYtNDYzMjAxYjA1ZGYxXkEyXkFqcGdeQXVyNTgyNTA4MjM@._V1_FMjpg_UX1000_.jpg',	NULL,	NULL,	'2023-11-09 14:40:38',	'2023-11-09 16:57:36'),
(203,	9,	'Sekiro: Shadows Die Twice',	'Samouraï et vengeance.',	2019,	NULL,	'https://upload.wikimedia.org/wikipedia/en/thumb/6/6e/Sekiro_art.jpg/220px-Sekiro_art.jpg',	NULL,	NULL,	'2023-11-09 14:40:38',	'2023-11-09 15:04:41'),
(204,	9,	'The Last of Us Part II',	'Récit post-apocalyptique touchant.',	2020,	NULL,	'https://image.api.playstation.com/vulcan/img/rnd/202010/2618/Y02ljdBodKFBiziorYgqftLE.png',	NULL,	NULL,	'2023-11-09 14:40:38',	'2023-11-09 15:04:20'),
(205,	9,	'Resident Evil Village',	'Horreur de survie à la première personne.',	2021,	NULL,	'https://m.media-amazon.com/images/M/MV5BZGY4YjJlY2ItZGQyYy00ZjAzLTg0MGEtY2EyYmVhOTc2MGMzXkEyXkFqcGdeQXVyMTI1Mzg0ODA5._V1_FMjpg_UX1000_.jpg',	NULL,	NULL,	'2023-11-09 14:40:38',	'2023-11-09 16:58:03'),
(206,	9,	'Elden Ring',	'Exploration dans le monde de FromSoftware.',	2022,	NULL,	'https://m.media-amazon.com/images/M/MV5BODA2NDMzOGUtNzhkNy00YTlmLWFjNGYtMGIyZjRhNDRlOTc4XkEyXkFqcGdeQXVyNjAwNDUxODI@._V1_FMjpg_UX1000_.jpg',	NULL,	NULL,	'2023-11-09 14:40:38',	'2023-11-09 16:54:02'),
(207,	9,	'Baldur\'s Gate 3',	'La quête de l\'extraction de la larve Illithid',	2023,	NULL,	'https://m.media-amazon.com/images/M/MV5BMWVlMDdhNzYtNDY5ZS00YzdiLWI3NWEtMDUzMGQyMWQ2NDY3XkEyXkFqcGdeQXVyNDg4NjY5OTQ@._V1_FMjpg_UX1000_.jpg',	NULL,	NULL,	'2023-11-09 14:40:38',	'2023-11-09 16:53:14'),
(208,	10,	'Mockingjay',	'Dernier volet de Hunger Games.',	2010,	NULL,	'https://pictures.abebooks.com/isbn/9781407155760-fr.jpg',	NULL,	NULL,	'2023-11-09 15:08:01',	'2023-11-09 15:22:29'),
(209,	10,	'A Dance with Dragons',	'5e livre de Game of Thrones.',	2011,	NULL,	'https://products-images.di-static.com/image/george-r-r-martin-a-game-of-thrones-a-song-of-ice-and-fire-tome-5-a-dance-with-dragons/9780007466078-475x500-1.jpg',	NULL,	NULL,	'2023-11-09 15:08:01',	'2023-11-09 17:01:49'),
(210,	10,	'Gone Girl',	'Thriller psychologique sur un mariage.',	2012,	NULL,	'https://addict-culture.com/wp-content/uploads/2014/10/gone-girl-poster.jpg',	NULL,	NULL,	'2023-11-09 15:08:01',	'2023-11-09 15:21:41'),
(211,	10,	'The Goldfinch',	'Un jeune survivant se mêle à l\'art.',	2013,	NULL,	'https://m.media-amazon.com/images/W/MEDIAX_792452-T2/images/I/519z2KJK0hL._AC_UF1000,1000_QL80_.jpg',	NULL,	NULL,	'2023-11-09 15:08:01',	'2023-11-09 15:21:14'),
(212,	10,	'The Fault in Our Stars',	'Deux ados malades tombent amoureux.',	2014,	NULL,	'https://m.media-amazon.com/images/M/MV5BNTVkMTFiZWItOTFkOC00YTc3LWFhYzQtZTg3NzAxZjJlNTAyXkEyXkFqcGdeQXVyODE5NzE3OTE@._V1_.jpg',	NULL,	NULL,	'2023-11-09 15:08:01',	'2023-11-09 15:20:40'),
(213,	10,	'The Girl on the Train',	'Un thriller à suspense et mystère.',	2015,	NULL,	'https://images-na.ssl-images-amazon.com/images/S/pv-target-images/028764c1955e49e8e2d0bd14b9387212e9791a9ebc7f3659d846e4a7e5e4c3f5._RI_TTW_.jpg',	NULL,	NULL,	'2023-11-09 15:08:01',	'2023-11-09 15:20:19'),
(214,	10,	'The Underground Railroad',	'Une évasion d\'esclavage symbolique.',	2016,	NULL,	'https://fr.web.img3.acsta.net/pictures/21/02/26/08/16/5621911.jpg',	NULL,	NULL,	'2023-11-09 15:08:01',	'2023-11-09 17:02:57'),
(215,	10,	'Origin',	'Langdon sur les traces des origines.',	2017,	NULL,	'https://fr.web.img4.acsta.net/pictures/18/10/23/09/36/4072482.jpg',	NULL,	NULL,	'2023-11-09 15:08:01',	'2023-11-09 15:19:29'),
(216,	10,	'The Outsider',	'Un crime mystérieux par Stephen King.',	2018,	NULL,	'https://fr.web.img3.acsta.net/c_310_420/pictures/19/12/13/09/01/4793674.jpg',	NULL,	NULL,	'2023-11-09 15:08:01',	'2023-11-09 15:18:33'),
(217,	10,	'The Testaments',	'Suite de The Handmaid\'s Tale.',	2019,	NULL,	'https://m.media-amazon.com/images/W/MEDIAX_792452-T2/images/I/71abcXUrY5L._AC_UF894,1000_QL80_.jpg',	NULL,	NULL,	'2023-11-09 15:08:01',	'2023-11-09 15:17:45'),
(218,	10,	'The Midnight Library',	'Une bibliothèque avec des vies infinies.',	2020,	NULL,	'https://m.media-amazon.com/images/I/81tCtHFtOgL._AC_UF1000,1000_QL80_.jpg',	NULL,	NULL,	'2023-11-09 15:08:01',	'2023-11-09 15:17:29'),
(219,	10,	'The Last Thing He Told Me',	'Mystère familial et quête de vérité.',	2021,	NULL,	'https://i.gr-assets.com/images/S/compressed.photo.goodreads.com/books/1603034599l/54981009.jpg',	NULL,	NULL,	'2023-11-09 15:08:01',	'2023-11-09 17:00:47'),
(220,	10,	'It Ends with Us',	'Une romance troublée par le passé.',	2022,	NULL,	'https://m.media-amazon.com/images/W/MEDIAX_792452-T2/images/I/81Wruxvu-kL._AC_UF1000,1000_QL80_.jpg',	NULL,	NULL,	'2023-11-09 15:08:01',	'2023-11-09 17:02:24');

DROP TABLE IF EXISTS `media_author`;
CREATE TABLE `media_author` (
  `media_id` int(11) NOT NULL,
  `author_id` int(11) NOT NULL,
  PRIMARY KEY (`media_id`,`author_id`),
  KEY `IDX_1D64216EA9FDD75` (`media_id`),
  KEY `IDX_1D64216F675F31B` (`author_id`),
  CONSTRAINT `FK_1D64216EA9FDD75` FOREIGN KEY (`media_id`) REFERENCES `media` (`id`) ON DELETE CASCADE,
  CONSTRAINT `FK_1D64216F675F31B` FOREIGN KEY (`author_id`) REFERENCES `author` (`id`) ON DELETE CASCADE
) ENGINE=InnoDB DEFAULT CHARSET=utf8mb4 COLLATE=utf8mb4_unicode_ci;

INSERT INTO `media_author` (`media_id`, `author_id`) VALUES
(61,	109),
(65,	110),
(68,	111),
(70,	112),
(70,	113),
(72,	114),
(84,	115),
(84,	116),
(85,	117),
(85,	118),
(89,	119),
(97,	120),
(101,	121),
(104,	109),
(109,	122),
(111,	123),
(130,	124),
(130,	125),
(154,	126),
(155,	127),
(156,	128),
(157,	129),
(158,	130),
(159,	131),
(160,	132),
(161,	133),
(162,	134),
(163,	135),
(164,	136),
(165,	137),
(166,	138),
(167,	139),
(167,	140),
(168,	141),
(168,	142),
(169,	143),
(169,	144),
(170,	145),
(170,	146),
(171,	147),
(171,	148),
(172,	149),
(172,	150),
(173,	151),
(173,	152),
(174,	153),
(174,	154),
(175,	155),
(175,	156),
(176,	157),
(176,	158),
(177,	159),
(177,	160),
(178,	161),
(178,	162),
(179,	160),
(179,	163),
(180,	164),
(180,	165),
(182,	166),
(183,	167),
(184,	168),
(185,	169),
(185,	170),
(186,	171),
(187,	172),
(187,	173),
(188,	175),
(189,	176),
(189,	177),
(190,	178),
(191,	179),
(192,	180),
(193,	181),
(194,	182),
(195,	183),
(196,	184),
(197,	182),
(198,	185),
(199,	186),
(200,	184),
(201,	187),
(202,	182),
(203,	188),
(204,	189),
(205,	190),
(206,	188),
(207,	191),
(208,	192),
(209,	193),
(210,	194),
(211,	195),
(212,	196),
(213,	197),
(214,	198),
(215,	199),
(216,	200),
(217,	201),
(218,	202),
(219,	203),
(220,	204);

DROP TABLE IF EXISTS `media_character`;
CREATE TABLE `media_character` (
  `media_id` int(11) NOT NULL,
  `character_id` int(11) NOT NULL,
  PRIMARY KEY (`media_id`,`character_id`),
  KEY `IDX_B61A03BAEA9FDD75` (`media_id`),
  KEY `IDX_B61A03BA1136BE75` (`character_id`),
  CONSTRAINT `FK_B61A03BA1136BE75` FOREIGN KEY (`character_id`) REFERENCES `character` (`id`) ON DELETE CASCADE,
  CONSTRAINT `FK_B61A03BAEA9FDD75` FOREIGN KEY (`media_id`) REFERENCES `media` (`id`) ON DELETE CASCADE
) ENGINE=InnoDB DEFAULT CHARSET=utf8mb4 COLLATE=utf8mb4_unicode_ci;

INSERT INTO `media_character` (`media_id`, `character_id`) VALUES
(61,	517),
(61,	518),
(65,	519),
(65,	520),
(68,	521),
(68,	522),
(70,	523),
(70,	524),
(72,	525),
(72,	526),
(84,	527),
(84,	528),
(85,	529),
(85,	530),
(89,	531),
(89,	532),
(97,	533),
(97,	534),
(101,	535),
(101,	536),
(104,	537),
(104,	538),
(109,	539),
(109,	540),
(111,	541),
(111,	542),
(130,	543),
(130,	544),
(154,	545),
(154,	546),
(155,	547),
(155,	548),
(156,	549),
(156,	550),
(157,	551),
(157,	552),
(158,	553),
(158,	554),
(159,	555),
(159,	556),
(160,	557),
(160,	558),
(161,	559),
(161,	560),
(162,	561),
(162,	562),
(163,	563),
(163,	564),
(164,	565),
(164,	566),
(165,	567),
(165,	568),
(166,	569),
(166,	570),
(167,	571),
(167,	572),
(168,	573),
(168,	574),
(169,	575),
(169,	576),
(170,	577),
(170,	578),
(171,	579),
(171,	580),
(172,	581),
(172,	582),
(173,	583),
(173,	584),
(174,	585),
(174,	586),
(175,	587),
(175,	588),
(176,	589),
(176,	590),
(177,	591),
(177,	592),
(178,	593),
(178,	594),
(179,	595),
(179,	596),
(180,	597),
(180,	598),
(182,	571),
(182,	572),
(183,	599),
(183,	600),
(184,	601),
(184,	602),
(185,	581),
(185,	582),
(186,	583),
(186,	584),
(187,	603),
(187,	604),
(188,	585),
(188,	586),
(189,	607),
(189,	608),
(190,	589),
(190,	590),
(191,	591),
(191,	592),
(191,	603),
(192,	609),
(192,	610),
(193,	611),
(193,	612),
(194,	613),
(194,	614),
(195,	615),
(195,	616),
(196,	617),
(196,	618),
(197,	619),
(197,	620),
(198,	621),
(198,	622),
(199,	623),
(199,	624),
(200,	625),
(200,	626),
(201,	627),
(201,	628),
(202,	629),
(202,	630),
(203,	631),
(203,	632),
(204,	633),
(204,	634),
(205,	635),
(205,	636),
(206,	637),
(206,	638),
(207,	639),
(207,	640),
(208,	641),
(208,	642),
(209,	545),
(209,	546),
(210,	643),
(210,	644),
(211,	645),
(211,	646),
(212,	647),
(212,	648),
(213,	649),
(213,	650),
(214,	651),
(214,	652),
(215,	653),
(215,	654),
(216,	655),
(216,	656),
(217,	657),
(217,	658),
(218,	659),
(218,	660),
(219,	661),
(219,	662),
(220,	663),
(220,	664);

DROP TABLE IF EXISTS `media_genre`;
CREATE TABLE `media_genre` (
  `media_id` int(11) NOT NULL,
  `genre_id` int(11) NOT NULL,
  PRIMARY KEY (`media_id`,`genre_id`),
  KEY `IDX_9C49F749EA9FDD75` (`media_id`),
  KEY `IDX_9C49F7494296D31F` (`genre_id`),
  CONSTRAINT `FK_9C49F7494296D31F` FOREIGN KEY (`genre_id`) REFERENCES `genre` (`id`) ON DELETE CASCADE,
  CONSTRAINT `FK_9C49F749EA9FDD75` FOREIGN KEY (`media_id`) REFERENCES `media` (`id`) ON DELETE CASCADE
) ENGINE=InnoDB DEFAULT CHARSET=utf8mb4 COLLATE=utf8mb4_unicode_ci;

INSERT INTO `media_genre` (`media_id`, `genre_id`) VALUES
(61,	14),
(61,	15),
(65,	5),
(65,	9),
(68,	15),
(70,	5),
(70,	9),
(72,	10),
(84,	5),
(84,	9),
(85,	5),
(85,	9),
(89,	10),
(97,	10),
(101,	8),
(101,	15),
(104,	3),
(104,	14),
(104,	15),
(109,	14),
(111,	3),
(111,	8),
(130,	5),
(130,	9),
(154,	3),
(154,	4),
(154,	10),
(154,	11),
(155,	15),
(156,	8),
(157,	8),
(157,	15),
(158,	8),
(158,	15),
(159,	8),
(159,	15),
(160,	8),
(160,	12),
(160,	14),
(161,	8),
(161,	15),
(162,	3),
(162,	4),
(162,	14),
(163,	3),
(163,	4),
(163,	10),
(164,	8),
(164,	15),
(165,	10),
(166,	3),
(166,	12),
(167,	18),
(168,	18),
(169,	19),
(170,	18),
(171,	19),
(172,	18),
(173,	18),
(174,	19),
(175,	19),
(176,	18),
(177,	18),
(178,	18),
(179,	18),
(180,	18),
(182,	18),
(183,	18),
(184,	18),
(185,	18),
(186,	18),
(187,	18),
(188,	19),
(189,	18),
(190,	18),
(191,	18),
(192,	18),
(193,	18),
(194,	22),
(195,	20),
(196,	3),
(196,	20),
(197,	22),
(198,	21),
(198,	24),
(199,	20),
(200,	21),
(201,	20),
(201,	22),
(202,	22),
(203,	22),
(204,	22),
(205,	23),
(206,	20),
(206,	22),
(207,	20),
(208,	14),
(209,	10),
(210,	15),
(211,	8),
(212,	13),
(213,	15),
(214,	11),
(215,	15),
(216,	12),
(217,	14),
(218,	10),
(219,	15),
(220,	13);

DROP TABLE IF EXISTS `media_platform`;
CREATE TABLE `media_platform` (
  `media_id` int(11) NOT NULL,
  `platform_id` int(11) NOT NULL,
  PRIMARY KEY (`media_id`,`platform_id`),
  KEY `IDX_3633FE79EA9FDD75` (`media_id`),
  KEY `IDX_3633FE79FFE6496F` (`platform_id`),
  CONSTRAINT `FK_3633FE79EA9FDD75` FOREIGN KEY (`media_id`) REFERENCES `media` (`id`) ON DELETE CASCADE,
  CONSTRAINT `FK_3633FE79FFE6496F` FOREIGN KEY (`platform_id`) REFERENCES `platform` (`id`) ON DELETE CASCADE
) ENGINE=InnoDB DEFAULT CHARSET=utf8mb4 COLLATE=utf8mb4_unicode_ci;

INSERT INTO `media_platform` (`media_id`, `platform_id`) VALUES
(194,	1),
(194,	2),
(195,	1),
(195,	2),
(195,	4),
(195,	5),
(195,	6),
(195,	9),
(196,	1),
(196,	2),
(196,	4),
(196,	5),
(196,	6),
(196,	9),
(197,	4),
(197,	5),
(197,	7),
(197,	8),
(197,	9),
(198,	1),
(198,	2),
(198,	4),
(198,	5),
(199,	4),
(199,	5),
(199,	6),
(199,	9),
(200,	4),
(200,	5),
(200,	6),
(200,	9),
(201,	6),
(202,	4),
(202,	5),
(202,	9),
(203,	4),
(203,	5),
(203,	9),
(204,	4),
(205,	4),
(205,	5),
(205,	7),
(205,	8),
(205,	9),
(206,	4),
(206,	5),
(206,	7),
(206,	8),
(206,	9),
(207,	7),
(207,	9);

DROP TABLE IF EXISTS `media_user`;
CREATE TABLE `media_user` (
  `media_id` int(11) NOT NULL,
  `user_id` int(11) NOT NULL,
  PRIMARY KEY (`media_id`,`user_id`),
  KEY `IDX_4ED4099AEA9FDD75` (`media_id`),
  KEY `IDX_4ED4099AA76ED395` (`user_id`),
  CONSTRAINT `FK_4ED4099AA76ED395` FOREIGN KEY (`user_id`) REFERENCES `user` (`id`) ON DELETE CASCADE,
  CONSTRAINT `FK_4ED4099AEA9FDD75` FOREIGN KEY (`media_id`) REFERENCES `media` (`id`) ON DELETE CASCADE
) ENGINE=InnoDB DEFAULT CHARSET=utf8mb4 COLLATE=utf8mb4_unicode_ci;


DROP TABLE IF EXISTS `platform`;
CREATE TABLE `platform` (
  `id` int(11) NOT NULL AUTO_INCREMENT,
  `name` varchar(255) NOT NULL,
  `created_at` datetime NOT NULL COMMENT '(DC2Type:datetime_immutable)',
  `updated_at` datetime DEFAULT NULL COMMENT '(DC2Type:datetime_immutable)',
  PRIMARY KEY (`id`)
) ENGINE=InnoDB DEFAULT CHARSET=utf8mb4 COLLATE=utf8mb4_unicode_ci;

INSERT INTO `platform` (`id`, `name`, `created_at`, `updated_at`) VALUES
(1,	'Playstation 3',	'2023-11-09 10:05:08',	NULL),
(2,	'Xbox 360',	'2023-11-09 10:05:16',	NULL),
(3,	'Nintendo Wii',	'2023-11-09 10:05:28',	NULL),
(4,	'Playstation 4',	'2023-11-09 10:05:34',	NULL),
(5,	'Xbox One',	'2023-11-09 10:06:04',	NULL),
(6,	'Nintendo Switch',	'2023-11-09 10:06:11',	NULL),
(7,	'Playstation 5',	'2023-11-09 10:06:29',	NULL),
(8,	'Xbox Series',	'2023-11-09 10:06:34',	NULL),
(9,	'PC',	'2023-11-09 14:56:03',	NULL);

DROP TABLE IF EXISTS `review`;
CREATE TABLE `review` (
  `id` int(11) NOT NULL AUTO_INCREMENT,
  `media_id` int(11) NOT NULL,
  `user_review_id` int(11) NOT NULL,
  `title` varchar(255) NOT NULL,
  `content` longtext DEFAULT NULL,
  `rating` smallint(6) NOT NULL,
  `created_at` datetime NOT NULL COMMENT '(DC2Type:datetime_immutable)',
  `updated_at` datetime DEFAULT NULL COMMENT '(DC2Type:datetime_immutable)',
  `is_validated` tinyint(1) NOT NULL DEFAULT 0,
  PRIMARY KEY (`id`),
  KEY `IDX_794381C6EA9FDD75` (`media_id`),
  KEY `IDX_794381C63ECE1B7F` (`user_review_id`),
  CONSTRAINT `FK_794381C63ECE1B7F` FOREIGN KEY (`user_review_id`) REFERENCES `user` (`id`),
  CONSTRAINT `FK_794381C6EA9FDD75` FOREIGN KEY (`media_id`) REFERENCES `media` (`id`)
) ENGINE=InnoDB DEFAULT CHARSET=utf8mb4 COLLATE=utf8mb4_unicode_ci;

INSERT INTO `review` (`id`, `media_id`, `user_review_id`, `title`, `content`, `rating`, `created_at`, `updated_at`, `is_validated`) VALUES
(3,	111,	1,	'Genial',	'Super film !!',	4,	'2023-11-10 09:46:43',	NULL,	1),
(7,	111,	9,	'titre',	'contente',	0,	'2023-11-10 14:28:31',	NULL,	0),
(8,	111,	21,	'a',	'b',	0,	'2023-11-14 13:37:25',	NULL,	0),
(9,	172,	7,	'Manga au top',	'Genial !',	5,	'2023-11-14 13:37:43',	NULL,	1),
(11,	111,	27,	'testoui',	'oui',	4,	'2023-11-14 13:59:00',	NULL,	0);

DROP TABLE IF EXISTS `season`;
CREATE TABLE `season` (
  `id` int(11) NOT NULL AUTO_INCREMENT,
  `media_id` int(11) NOT NULL,
  `season_number` smallint(6) NOT NULL,
  `nb_episodes` smallint(6) NOT NULL,
  `created_at` datetime NOT NULL COMMENT '(DC2Type:datetime_immutable)',
  `updated_at` datetime DEFAULT NULL COMMENT '(DC2Type:datetime_immutable)',
  PRIMARY KEY (`id`),
  KEY `IDX_F0E45BA9EA9FDD75` (`media_id`),
  CONSTRAINT `FK_F0E45BA9EA9FDD75` FOREIGN KEY (`media_id`) REFERENCES `media` (`id`)
) ENGINE=InnoDB DEFAULT CHARSET=utf8mb4 COLLATE=utf8mb4_unicode_ci;

INSERT INTO `season` (`id`, `media_id`, `season_number`, `nb_episodes`, `created_at`, `updated_at`) VALUES
(6,	185,	1,	12,	'2023-11-14 11:33:03',	NULL),
(7,	185,	2,	12,	'2023-11-14 11:33:37',	NULL);

DROP TABLE IF EXISTS `user`;
CREATE TABLE `user` (
  `id` int(11) NOT NULL AUTO_INCREMENT,
  `email` varchar(180) NOT NULL,
  `password` varchar(255) NOT NULL,
  `created_at` datetime NOT NULL COMMENT '(DC2Type:datetime_immutable)',
  `updated_at` datetime DEFAULT NULL COMMENT '(DC2Type:datetime_immutable)',
  `roles` longtext NOT NULL COMMENT '(DC2Type:json)',
  `username` varchar(255) NOT NULL,
  PRIMARY KEY (`id`),
  UNIQUE KEY `UNIQ_8D93D649E7927C74` (`email`)
) ENGINE=InnoDB DEFAULT CHARSET=utf8mb4 COLLATE=utf8mb4_unicode_ci;

INSERT INTO `user` (`id`, `email`, `password`, `created_at`, `updated_at`, `roles`, `username`) VALUES
(1,	'allinone@allinone.fr',	'allinone',	'2023-11-06 15:04:47',	NULL,	'',	'allinone'),
(5,	'user@user.fr',	'$2y$13$TyCvhv0XqPyfRWCVWfkG4.ypOkP6ioRfgSszatRBsn8GeWF5T3Fjm',	'2023-11-08 09:10:17',	NULL,	'[\"ROLE_USER\"]',	'user'),
(6,	'manager@manager.fr',	'$2y$13$TyCvhv0XqPyfRWCVWfkG4.ypOkP6ioRfgSszatRBsn8GeWF5T3Fjm',	'2023-11-08 09:10:43',	NULL,	'[\"ROLE_CATALOG_MANAGER\"]',	'manager'),
(7,	'admin@admin.fr',	'$2y$13$TyCvhv0XqPyfRWCVWfkG4.ypOkP6ioRfgSszatRBsn8GeWF5T3Fjm',	'2023-11-08 09:10:59',	NULL,	'[\"ROLE_ADMIN\", \"ROLE_USER\"]',	'manager'),
(9,	'maxence@test.fr',	'$2y$13$.d7XUQhr8quHLmD5pzvMIuAIVmcCmiTNCA.HSWkS0.CVDqHxWdrvG',	'2023-11-09 10:18:39',	NULL,	'[\"ROLE_USER\"]',	'maxence'),
(21,	'b@b.fr',	'$2y$13$scpNv0ZrjJ/8WPlKmXoK5ON17zqCVi3HMhbXj/0yvG8jlfK4z.Cgu',	'2023-11-13 13:35:33',	NULL,	'[\"ROLE_USER\"]',	'parpitieaaaaabbb'),
(22,	'm@m.fr',	'$2y$13$vEuS78KQQIDVcWQiflasoOkbOGqVwQSnqtIOhy4m/nM752sndLICm',	'2023-11-14 09:06:01',	NULL,	'[\"ROLE_USER\"]',	'troll'),
(23,	'test@test.fr',	'$2y$13$./vuJ2zDkNh8ajHODNZEKeqDZ.BNxgiYJwY7OL3TVEXZspw0oH82u',	'2023-11-14 10:42:24',	NULL,	'[\"ROLE_USER\"]',	'test'),
(24,	'test@test.com',	'$2y$13$D3/.Ba0nBCIcLUdEWs2hze/8rS5H7vpQJ9Dyuan2KyI5rEr76oMKe',	'2023-11-14 10:42:43',	NULL,	'[\"ROLE_USER\"]',	'testtest'),
(25,	'oui@oui.fr',	'$2y$13$Y/88DTfxJJZcppAO3DtLUO9w.ucvahtoO3VDCakTyR4zWuQYsJpue',	'2023-11-14 10:47:10',	NULL,	'[\"ROLE_USER\"]',	'oui'),
(26,	'c@c.fr',	'$2y$13$HAP1zngpCxevUNEJYJEGxOdtwKqs1xGqdetq.sYi2Ux45TeHWY0/6',	'2023-11-14 13:52:54',	NULL,	'[\"ROLE_USER\"]',	'c'),
(27,	'd@d.fr',	'$2y$13$mEaRMztqTUFYc7iI/qShT.ID13LTuqMkt07hBUj3FThzZlSoRj50i',	'2023-11-14 13:55:27',	NULL,	'[\"ROLE_USER\"]',	'd'),
(28,	'troll@troll.fr',	'$2y$13$Dpiob/pqV5ZKAZZ0LOEQ1OXcPV2GSa.j/oDMYUJO11yzt1N3CWl0a',	'2023-11-15 09:29:24',	NULL,	'[\"ROLE_USER\"]',	'admin');

-- 2023-11-16 09:00:08